interference_regime,load_regime,compared_to,sit_cvar99,baseline_cvar99,cvar_improvement_pct,sit_goodput,baseline_goodput,goodput_improvement,sit_catastrophes,baseline_catastrophes,fewer_catastrophes,sit_dominates
adversarial,high,SIT-no-IRBS,21245.07,26049.91,18.44,1.0,1.0,0.0,0,0,False,True
adversarial,high,SIT-no-safety,21245.07,28307.04,24.95,1.0,1.0,0.0,0,0,False,True
adversarial,high,SIT-no-admission,21245.07,24684.44,13.93,1.0,1.0,0.0,0,0,False,True
adversarial,high,partition,21245.07,16018.2,-32.63,1.0,1.0,0.0,0,0,False,False
adversarial,high,spread,21245.07,20590.11,-3.18,1.0,1.0,0.0,0,0,False,False
adversarial,high,random,21245.07,33664.16,36.89,1.0,1.0,0.0,0,0,False,True
adversarial,high,round-robin,21245.07,35791.83,40.64,1.0,1.0,0.0,0,0,False,True
adversarial,high,binpack-greedy,21245.07,36785.24,42.25,1.0,1.0,0.0,0,0,False,True
adversarial,high,tail-greedy,21245.07,20532.37,-3.47,1.0,1.0,0.0,0,0,False,False
adversarial,high,similarity-avoidance,21245.07,25523.21,16.76,1.0,1.0,0.0,0,0,False,True
adversarial,high,admission-only,21245.07,30529.31,30.41,1.0,1.0,0.0,0,0,False,True
adversarial,high,oracle,21245.07,19836.01,-7.1,1.0,1.0,0.0,0,0,False,False
adversarial,high,static-low,21245.07,19864.05,-6.95,1.0,1.0,0.0,0,0,False,False
adversarial,high,static-high,21245.07,39857.52,46.7,1.0,1.0,0.0,0,0,False,True
adversarial,high,k8s-hpa,21245.07,26993.04,21.29,1.0,1.0,0.0,0,0,False,True
adversarial,high,k8s-default,21245.07,26274.33,19.14,1.0,1.0,0.0,0,0,False,True
adversarial,high,slurm-fcfs,21245.07,31792.38,33.18,1.0,1.0,0.0,0,0,False,True
adversarial,high,triton-proxy,21245.07,40542.75,47.6,1.0,1.0,0.0,0,0,False,True
adversarial,low,SIT-no-IRBS,6279.49,7650.21,17.92,1.0,1.0,0.0,0,0,False,True
adversarial,low,SIT-no-safety,6279.49,8581.15,26.82,1.0,1.0,0.0,0,0,False,True
adversarial,low,SIT-no-admission,6279.49,7558.18,16.92,1.0,1.0,0.0,0,0,False,True
adversarial,low,partition,6279.49,4682.69,-34.1,1.0,1.0,0.0,0,0,False,False
adversarial,low,spread,6279.49,6506.41,3.49,1.0,1.0,0.0,0,0,False,True
adversarial,low,random,6279.49,10048.13,37.51,1.0,1.0,0.0,0,0,False,True
adversarial,low,round-robin,6279.49,10762.23,41.65,1.0,1.0,0.0,0,0,False,True
adversarial,low,binpack-greedy,6279.49,11327.75,44.57,1.0,1.0,0.0,0,0,False,True
adversarial,low,tail-greedy,6279.49,6891.89,8.89,1.0,1.0,0.0,0,0,False,True
adversarial,low,similarity-avoidance,6279.49,7972.22,21.23,1.0,1.0,0.0,0,0,False,True
adversarial,low,admission-only,6279.49,9762.72,35.68,1.0,1.0,0.0,0,0,False,True
adversarial,low,oracle,6279.49,6995.67,10.24,1.0,1.0,0.0,0,0,False,True
adversarial,low,static-low,6279.49,5633.69,-11.46,1.0,1.0,0.0,0,0,False,False
adversarial,low,static-high,6279.49,12470.81,49.65,1.0,1.0,0.0,0,0,False,True
adversarial,low,k8s-hpa,6279.49,8295.09,24.3,1.0,1.0,0.0,0,0,False,True
adversarial,low,k8s-default,6279.49,7507.26,16.35,1.0,1.0,0.0,0,0,False,True
adversarial,low,slurm-fcfs,6279.49,10212.4,38.51,1.0,1.0,0.0,0,0,False,True
adversarial,low,triton-proxy,6279.49,12325.48,49.05,1.0,1.0,0.0,0,0,False,True
adversarial,medium,SIT-no-IRBS,11524.06,14544.5,20.77,1.0,1.0,0.0,0,0,False,True
adversarial,medium,SIT-no-safety,11524.06,15915.38,27.59,1.0,1.0,0.0,0,0,False,True
adversarial,medium,SIT-no-admission,11524.06,14041.58,17.93,1.0,1.0,0.0,0,0,False,True
adversarial,medium,partition,11524.06,8002.56,-44.0,1.0,1.0,0.0,0,0,False,False
adversarial,medium,spread,11524.06,11057.69,-4.22,1.0,1.0,0.0,0,0,False,False
adversarial,medium,random,11524.06,18728.36,38.47,1.0,1.0,0.0,0,0,False,True
adversarial,medium,round-robin,11524.06,20702.78,44.34,1.0,1.0,0.0,0,0,False,True
adversarial,medium,binpack-greedy,11524.06,21589.18,46.62,1.0,1.0,0.0,0,0,False,True
adversarial,medium,tail-greedy,11524.06,12303.09,6.33,1.0,1.0,0.0,0,0,False,True
adversarial,medium,similarity-avoidance,11524.06,14946.68,22.9,1.0,1.0,0.0,0,0,False,True
adversarial,medium,admission-only,11524.06,18316.13,37.08,1.0,1.0,0.0,0,0,False,True
adversarial,medium,oracle,11524.06,12443.61,7.39,1.0,1.0,0.0,0,0,False,True
adversarial,medium,static-low,11524.06,10412.93,-10.67,1.0,1.0,0.0,0,0,False,False
adversarial,medium,static-high,11524.06,23673.72,51.32,1.0,1.0,0.0,0,0,False,True
adversarial,medium,k8s-hpa,11524.06,15707.69,26.63,1.0,1.0,0.0,0,0,False,True
adversarial,medium,k8s-default,11524.06,14469.47,20.36,1.0,1.0,0.0,0,0,False,True
adversarial,medium,slurm-fcfs,11524.06,18545.31,37.86,1.0,1.0,0.0,0,0,False,True
adversarial,medium,triton-proxy,11524.06,23767.48,51.51,1.0,1.0,0.0,0,0,False,True
adversarial,saturation,SIT-no-IRBS,25351.48,30279.21,16.27,1.0,1.0,0.0,0,0,False,True
adversarial,saturation,SIT-no-safety,25351.48,32775.97,22.65,1.0,1.0,0.0,0,0,False,True
adversarial,saturation,SIT-no-admission,25351.48,30637.45,17.25,1.0,1.0,0.0,0,0,False,True
adversarial,saturation,partition,25351.48,18129.32,-39.84,1.0,1.0,0.0,0,0,False,False
adversarial,saturation,spread,25351.48,22851.03,-10.94,1.0,1.0,0.0,0,0,False,False
adversarial,saturation,random,25351.48,39005.46,35.01,1.0,1.0,0.0,0,0,False,True
adversarial,saturation,round-robin,25351.48,44217.12,42.67,1.0,1.0,0.0,0,0,False,True
adversarial,saturation,binpack-greedy,25351.48,42505.19,40.36,1.0,1.0,0.0,0,0,False,True
adversarial,saturation,tail-greedy,25351.48,23091.45,-9.79,1.0,1.0,0.0,0,0,False,False
adversarial,saturation,similarity-avoidance,25351.48,31002.09,18.23,1.0,1.0,0.0,0,0,False,True
adversarial,saturation,admission-only,25351.48,39258.44,35.42,1.0,1.0,0.0,0,0,False,True
adversarial,saturation,oracle,25351.48,24930.41,-1.69,1.0,1.0,0.0,0,0,False,False
adversarial,saturation,static-low,25351.48,21599.6,-17.37,1.0,1.0,0.0,0,0,False,False
adversarial,saturation,static-high,25351.48,48135.8,47.33,1.0,1.0,0.0,0,0,False,True
adversarial,saturation,k8s-hpa,25351.48,33697.63,24.77,1.0,1.0,0.0,0,0,False,True
adversarial,saturation,k8s-default,25351.48,28768.56,11.88,1.0,1.0,0.0,0,0,False,True
adversarial,saturation,slurm-fcfs,25351.48,37727.04,32.8,1.0,1.0,0.0,0,0,False,True
adversarial,saturation,triton-proxy,25351.48,53161.64,52.31,1.0,1.0,0.0,0,0,False,True
drifting,high,SIT-no-IRBS,54729.35,59137.3,7.45,1.0,1.0,0.0,0,0,False,True
drifting,high,SIT-no-safety,54729.35,59630.0,8.22,1.0,1.0,0.0,0,0,False,True
drifting,high,SIT-no-admission,54729.35,57080.82,4.12,1.0,1.0,0.0,0,0,False,True
drifting,high,partition,54729.35,49134.21,-11.39,1.0,1.0,0.0,0,0,False,False
drifting,high,spread,54729.35,52951.98,-3.36,1.0,1.0,0.0,0,0,False,False
drifting,high,random,54729.35,60455.92,9.47,1.0,1.0,0.0,0,0,False,True
drifting,high,round-robin,54729.35,60441.64,9.45,1.0,1.0,0.0,0,0,False,True
drifting,high,binpack-greedy,54729.35,64620.87,15.31,1.0,1.0,0.0,0,0,False,True
drifting,high,tail-greedy,54729.35,54725.81,-0.01,1.0,1.0,0.0,0,0,False,False
drifting,high,similarity-avoidance,54729.35,56653.12,3.4,1.0,1.0,0.0,0,0,False,True
drifting,high,admission-only,54729.35,60400.64,9.39,1.0,1.0,0.0,0,0,False,True
drifting,high,oracle,54729.35,54726.0,-0.01,1.0,1.0,0.0,0,0,False,False
drifting,high,static-low,54729.35,51229.59,-6.83,1.0,1.0,0.0,0,0,False,False
drifting,high,static-high,54729.35,69101.01,20.8,1.0,1.0,0.0,0,0,False,True
drifting,high,k8s-hpa,54729.35,56981.89,3.95,1.0,1.0,0.0,0,0,False,True
drifting,high,k8s-default,54729.35,55587.55,1.54,1.0,1.0,0.0,0,0,False,True
drifting,high,slurm-fcfs,54729.35,60417.42,9.41,1.0,1.0,0.0,0,0,False,True
drifting,high,triton-proxy,54729.35,65704.18,16.7,1.0,1.0,0.0,0,0,False,True
drifting,low,SIT-no-IRBS,18343.02,19950.85,8.06,1.0,1.0,0.0,0,0,False,True
drifting,low,SIT-no-safety,18343.02,19985.93,8.22,1.0,1.0,0.0,0,0,False,True
drifting,low,SIT-no-admission,18343.02,19130.48,4.12,1.0,1.0,0.0,0,0,False,True
drifting,low,partition,18343.02,16469.69,-11.37,1.0,1.0,0.0,0,0,False,False
drifting,low,spread,18343.02,17750.93,-3.34,1.0,1.0,0.0,0,0,False,False
drifting,low,random,18343.02,20274.51,9.53,1.0,1.0,0.0,0,0,False,True
drifting,low,round-robin,18343.02,20255.89,9.44,1.0,1.0,0.0,0,0,False,True
drifting,low,binpack-greedy,18343.02,21656.34,15.3,1.0,1.0,0.0,0,0,False,True
drifting,low,tail-greedy,18343.02,18338.92,-0.02,1.0,1.0,0.0,0,0,False,False
drifting,low,similarity-avoidance,18343.02,18994.13,3.43,1.0,1.0,0.0,0,0,False,True
drifting,low,admission-only,18343.02,20242.36,9.38,1.0,1.0,0.0,0,0,False,True
drifting,low,oracle,18343.02,18341.75,-0.01,1.0,1.0,0.0,0,0,False,False
drifting,low,static-low,18343.02,17174.18,-6.81,1.0,1.0,0.0,0,0,False,False
drifting,low,static-high,18343.02,23163.37,20.81,1.0,1.0,0.0,0,0,False,True
drifting,low,k8s-hpa,18343.02,19096.07,3.94,1.0,1.0,0.0,0,0,False,True
drifting,low,k8s-default,18343.02,18634.98,1.57,1.0,1.0,0.0,0,0,False,True
drifting,low,slurm-fcfs,18343.02,20249.47,9.41,1.0,1.0,0.0,0,0,False,True
drifting,low,triton-proxy,18343.02,22022.06,16.71,1.0,1.0,0.0,0,0,False,True
drifting,medium,SIT-no-IRBS,36569.0,39926.72,8.41,1.0,1.0,0.0,0,0,False,True
drifting,medium,SIT-no-safety,36569.0,39842.5,8.22,1.0,1.0,0.0,0,0,False,True
drifting,medium,SIT-no-admission,36569.0,38141.65,4.12,1.0,1.0,0.0,0,0,False,True
drifting,medium,partition,36569.0,32840.85,-11.35,1.0,1.0,0.0,0,0,False,False
drifting,medium,spread,36569.0,35382.68,-3.35,1.0,1.0,0.0,0,0,False,False
drifting,medium,random,36569.0,40397.4,9.48,1.0,1.0,0.0,0,0,False,True
drifting,medium,round-robin,36569.0,40384.76,9.45,1.0,1.0,0.0,0,0,False,True
drifting,medium,binpack-greedy,36569.0,43170.88,15.29,1.0,1.0,0.0,0,0,False,True
drifting,medium,tail-greedy,36569.0,36568.86,-0.0,1.0,1.0,0.0,0,0,False,False
drifting,medium,similarity-avoidance,36569.0,37859.27,3.41,1.0,1.0,0.0,0,0,False,True
drifting,medium,admission-only,36569.0,40349.06,9.37,1.0,1.0,0.0,0,0,False,True
drifting,medium,oracle,36569.0,36568.88,-0.0,1.0,1.0,0.0,0,0,False,False
drifting,medium,static-low,36569.0,34235.29,-6.82,1.0,1.0,0.0,0,0,False,False
drifting,medium,static-high,36569.0,46173.95,20.8,1.0,1.0,0.0,0,0,False,True
drifting,medium,k8s-hpa,36569.0,38073.6,3.95,1.0,1.0,0.0,0,0,False,True
drifting,medium,k8s-default,36569.0,37140.1,1.54,1.0,1.0,0.0,0,0,False,True
drifting,medium,slurm-fcfs,36569.0,40362.28,9.4,1.0,1.0,0.0,0,0,False,True
drifting,medium,triton-proxy,36569.0,43910.32,16.72,1.0,1.0,0.0,0,0,False,True
drifting,saturation,SIT-no-IRBS,72841.72,79183.94,8.01,1.0,1.0,0.0,0,0,False,True
drifting,saturation,SIT-no-safety,72841.72,79384.81,8.24,1.0,1.0,0.0,0,0,False,True
drifting,saturation,SIT-no-admission,72841.72,76001.4,4.16,1.0,1.0,0.0,0,0,False,True
drifting,saturation,partition,72841.72,65392.02,-11.39,1.0,1.0,0.0,0,0,False,False
drifting,saturation,spread,72841.72,70467.86,-3.37,1.0,1.0,0.0,0,0,False,False
drifting,saturation,random,72841.72,80739.13,9.78,1.0,1.0,0.0,0,0,False,True
drifting,saturation,round-robin,72841.72,80469.75,9.48,1.0,1.0,0.0,0,0,False,True
drifting,saturation,binpack-greedy,72841.72,86033.28,15.33,1.0,1.0,0.0,0,0,False,True
drifting,saturation,tail-greedy,72841.72,72851.36,0.01,1.0,1.0,0.0,0,0,False,True
drifting,saturation,similarity-avoidance,72841.72,75439.26,3.44,1.0,1.0,0.0,0,0,False,True
drifting,saturation,admission-only,72841.72,80613.07,9.64,1.0,1.0,0.0,0,0,False,True
drifting,saturation,oracle,72841.72,72849.17,0.01,1.0,1.0,0.0,0,0,False,True
drifting,saturation,static-low,72841.72,68196.05,-6.81,1.0,1.0,0.0,0,0,False,False
drifting,saturation,static-high,72841.72,92017.79,20.84,1.0,1.0,0.0,0,0,False,True
drifting,saturation,k8s-hpa,72841.72,75860.25,3.98,1.0,1.0,0.0,0,0,False,True
drifting,saturation,k8s-default,72841.72,74011.36,1.58,1.0,1.0,0.0,0,0,False,True
drifting,saturation,slurm-fcfs,72841.72,80429.34,9.43,1.0,1.0,0.0,0,0,False,True
drifting,saturation,triton-proxy,72841.72,87503.97,16.76,1.0,1.0,0.0,0,0,False,True
heavy_tail_burst,high,SIT-no-IRBS,164553.15,281217.2,41.49,0.9993,0.9996,-0.0003,0,0,False,False
heavy_tail_burst,high,SIT-no-safety,164553.15,142948.61,-15.11,0.9993,0.9997,-0.0004,0,0,False,False
heavy_tail_burst,high,SIT-no-admission,164553.15,232422.67,29.2,0.9993,0.9989,0.0004,0,0,False,True
heavy_tail_burst,high,partition,164553.15,187717.39,12.34,0.9993,0.999,0.0002,0,0,False,True
heavy_tail_burst,high,spread,164553.15,302824.93,45.66,0.9993,0.9989,0.0004,0,0,False,True
heavy_tail_burst,high,random,164553.15,160971.57,-2.22,0.9993,0.9993,0.0,0,0,False,False
heavy_tail_burst,high,round-robin,164553.15,180974.6,9.07,0.9993,0.9993,-0.0,0,0,False,False
heavy_tail_burst,high,binpack-greedy,164553.15,201991.67,18.53,0.9993,0.9995,-0.0002,0,0,False,False
heavy_tail_burst,high,tail-greedy,164553.15,148222.15,-11.02,0.9993,0.9995,-0.0002,0,0,False,False
heavy_tail_burst,high,similarity-avoidance,164553.15,183399.97,10.28,0.9993,0.9993,-0.0001,0,0,False,False
heavy_tail_burst,high,admission-only,164553.15,183761.09,10.45,0.9993,0.9992,0.0001,0,0,False,True
heavy_tail_burst,high,oracle,164553.15,163117.99,-0.88,0.9993,0.9993,0.0,0,0,False,False
heavy_tail_burst,high,static-low,164553.15,174471.18,5.68,0.9993,0.9995,-0.0002,0,0,False,False
heavy_tail_burst,high,static-high,164553.15,399676.16,58.83,0.9993,0.9994,-0.0001,0,0,False,False
heavy_tail_burst,high,k8s-hpa,164553.15,217960.83,24.5,0.9993,0.9995,-0.0002,0,0,False,False
heavy_tail_burst,high,k8s-default,164553.15,162335.18,-1.37,0.9993,0.9995,-0.0002,0,0,False,False
heavy_tail_burst,high,slurm-fcfs,164553.15,204579.04,19.57,0.9993,0.9991,0.0002,0,0,False,True
heavy_tail_burst,high,triton-proxy,164553.15,193516.22,14.97,0.9993,0.9992,0.0001,0,0,False,True
heavy_tail_burst,low,SIT-no-IRBS,36423.6,37743.96,3.5,0.9998,0.9997,0.0001,0,0,False,True
heavy_tail_burst,low,SIT-no-safety,36423.6,40300.06,9.62,0.9998,0.9998,-0.0,0,0,False,False
heavy_tail_burst,low,SIT-no-admission,36423.6,39092.15,6.83,0.9998,0.9998,-0.0,0,0,False,False
heavy_tail_burst,low,partition,36423.6,34488.1,-5.61,0.9998,0.9999,-0.0,0,0,False,False
heavy_tail_burst,low,spread,36423.6,34568.76,-5.37,0.9998,0.9999,-0.0,0,0,False,False
heavy_tail_burst,low,random,36423.6,37173.22,2.02,0.9998,0.9998,0.0,0,0,False,True
heavy_tail_burst,low,round-robin,36423.6,39084.75,6.81,0.9998,0.9998,0.0,0,0,False,True
heavy_tail_burst,low,binpack-greedy,36423.6,42224.27,13.74,0.9998,0.9998,0.0,0,0,False,True
heavy_tail_burst,low,tail-greedy,36423.6,32692.86,-11.41,0.9998,0.9998,0.0,0,0,False,False
heavy_tail_burst,low,similarity-avoidance,36423.6,34237.48,-6.39,0.9998,0.9998,0.0,0,0,False,False
heavy_tail_burst,low,admission-only,36423.6,39432.17,7.63,0.9998,0.9997,0.0001,0,0,False,True
heavy_tail_burst,low,oracle,36423.6,38807.46,6.14,0.9998,0.9998,-0.0,0,0,False,False
heavy_tail_burst,low,static-low,36423.6,35603.71,-2.3,0.9998,0.9997,0.0001,0,0,False,False
heavy_tail_burst,low,static-high,36423.6,41116.42,11.41,0.9998,0.9998,-0.0,0,0,False,False
heavy_tail_burst,low,k8s-hpa,36423.6,34971.93,-4.15,0.9998,0.9998,0.0,0,0,False,False
heavy_tail_burst,low,k8s-default,36423.6,37503.99,2.88,0.9998,0.9997,0.0001,0,0,False,True
heavy_tail_burst,low,slurm-fcfs,36423.6,37640.05,3.23,0.9998,0.9997,0.0001,0,0,False,True
heavy_tail_burst,low,triton-proxy,36423.6,40228.91,9.46,0.9998,0.9997,0.0001,0,0,False,True
heavy_tail_burst,medium,SIT-no-IRBS,58826.25,69067.4,14.83,0.9996,0.9995,0.0001,0,0,False,True
heavy_tail_burst,medium,SIT-no-safety,58826.25,67636.05,13.03,0.9996,0.9995,0.0001,0,0,False,True
heavy_tail_burst,medium,SIT-no-admission,58826.25,64551.77,8.87,0.9996,0.9991,0.0005,0,0,False,True
heavy_tail_burst,medium,partition,58826.25,67624.99,13.01,0.9996,0.9992,0.0004,0,0,False,True
heavy_tail_burst,medium,spread,58826.25,56170.6,-4.73,0.9996,0.9996,0.0,0,0,False,False
heavy_tail_burst,medium,random,58826.25,63069.67,6.73,0.9996,0.9996,-0.0001,0,0,False,False
heavy_tail_burst,medium,round-robin,58826.25,69683.32,15.58,0.9996,0.9993,0.0003,0,0,False,True
heavy_tail_burst,medium,binpack-greedy,58826.25,68717.29,14.39,0.9996,0.9996,0.0,0,0,False,True
heavy_tail_burst,medium,tail-greedy,58826.25,56259.06,-4.56,0.9996,0.9996,-0.0,0,0,False,False
heavy_tail_burst,medium,similarity-avoidance,58826.25,61552.12,4.43,0.9996,0.9994,0.0001,0,0,False,True
heavy_tail_burst,medium,admission-only,58826.25,72256.5,18.59,0.9996,0.9996,-0.0001,0,0,False,False
heavy_tail_burst,medium,oracle,58826.25,60274.78,2.4,0.9996,0.9997,-0.0001,0,0,False,False
heavy_tail_burst,medium,static-low,58826.25,58609.12,-0.37,0.9996,0.9997,-0.0001,0,0,False,False
heavy_tail_burst,medium,static-high,58826.25,69332.17,15.15,0.9996,0.9994,0.0002,0,0,False,True
heavy_tail_burst,medium,k8s-hpa,58826.25,65159.78,9.72,0.9996,0.9995,0.0001,0,0,False,True
heavy_tail_burst,medium,k8s-default,58826.25,67102.73,12.33,0.9996,0.9995,0.0001,0,0,False,True
heavy_tail_burst,medium,slurm-fcfs,58826.25,63071.51,6.73,0.9996,0.9998,-0.0002,0,0,False,False
heavy_tail_burst,medium,triton-proxy,58826.25,68210.7,13.76,0.9996,0.9995,0.0001,0,0,False,True
heavy_tail_burst,saturation,SIT-no-IRBS,180004.32,231015.33,22.08,0.9991,0.9987,0.0004,0,0,False,True
heavy_tail_burst,saturation,SIT-no-safety,180004.32,197075.57,8.66,0.9991,0.9989,0.0002,0,0,False,True
heavy_tail_burst,saturation,SIT-no-admission,180004.32,181231.09,0.68,0.9991,0.999,0.0001,0,0,False,True
heavy_tail_burst,saturation,partition,180004.32,198053.01,9.11,0.9991,0.9987,0.0004,0,0,False,True
heavy_tail_burst,saturation,spread,180004.32,184657.08,2.52,0.9991,0.9992,-0.0001,0,0,False,False
heavy_tail_burst,saturation,random,180004.32,193207.37,6.83,0.9991,0.9986,0.0005,0,0,False,True
heavy_tail_burst,saturation,round-robin,180004.32,181256.25,0.69,0.9991,0.999,0.0001,0,0,False,True
heavy_tail_burst,saturation,binpack-greedy,180004.32,236871.16,24.01,0.9991,0.9989,0.0002,0,0,False,True
heavy_tail_burst,saturation,tail-greedy,180004.32,199749.27,9.88,0.9991,0.9989,0.0002,0,0,False,True
heavy_tail_burst,saturation,similarity-avoidance,180004.32,161934.54,-11.16,0.9991,0.9993,-0.0002,0,0,False,False
heavy_tail_burst,saturation,admission-only,180004.32,162165.91,-11.0,0.9991,0.9991,0.0,0,0,False,False
heavy_tail_burst,saturation,oracle,180004.32,147983.31,-21.64,0.9991,0.9994,-0.0003,0,0,False,False
heavy_tail_burst,saturation,static-low,180004.32,166481.41,-8.12,0.9991,0.9994,-0.0004,0,0,False,False
heavy_tail_burst,saturation,static-high,180004.32,189468.34,5.0,0.9991,0.999,0.0001,0,0,False,True
heavy_tail_burst,saturation,k8s-hpa,180004.32,169403.0,-6.26,0.9991,0.9992,-0.0001,0,0,False,False
heavy_tail_burst,saturation,k8s-default,180004.32,187173.43,3.83,0.9991,0.999,0.0001,0,0,False,True
heavy_tail_burst,saturation,slurm-fcfs,180004.32,172948.26,-4.08,0.9991,0.9989,0.0002,0,0,False,False
heavy_tail_burst,saturation,triton-proxy,180004.32,202180.4,10.97,0.9991,0.999,0.0001,0,0,False,True
iid_noise,high,SIT-no-IRBS,8873.94,11896.59,25.41,1.0,1.0,0.0,0,0,False,True
iid_noise,high,SIT-no-safety,8873.94,13761.47,35.52,1.0,1.0,0.0,0,0,False,True
iid_noise,high,SIT-no-admission,8873.94,11221.67,20.92,1.0,1.0,0.0,0,0,False,True
iid_noise,high,partition,8873.94,3313.65,-167.8,1.0,1.0,0.0,0,0,False,False
iid_noise,high,spread,8873.94,7086.52,-25.22,1.0,1.0,0.0,0,0,False,False
iid_noise,high,random,8873.94,14577.09,39.12,1.0,1.0,0.0,0,0,False,True
iid_noise,high,round-robin,8873.94,14568.0,39.09,1.0,1.0,0.0,0,0,False,True
iid_noise,high,binpack-greedy,8873.94,18732.62,52.63,1.0,1.0,0.0,0,0,False,True
iid_noise,high,tail-greedy,8873.94,8879.95,0.07,1.0,1.0,0.0,0,0,False,True
iid_noise,high,similarity-avoidance,8873.94,10797.86,17.82,1.0,1.0,0.0,0,0,False,True
iid_noise,high,admission-only,8873.94,14553.31,39.02,1.0,1.0,0.0,0,0,False,True
iid_noise,high,oracle,8873.94,8871.79,-0.02,1.0,1.0,0.0,0,0,False,False
iid_noise,high,static-low,8873.94,5395.55,-64.47,1.0,1.0,0.0,0,0,False,False
iid_noise,high,static-high,8873.94,23200.52,61.75,1.0,1.0,0.0,0,0,False,True
iid_noise,high,k8s-hpa,8873.94,11124.46,20.23,1.0,1.0,0.0,0,0,False,True
iid_noise,high,k8s-default,8873.94,9738.06,8.87,1.0,1.0,0.0,0,0,False,True
iid_noise,high,slurm-fcfs,8873.94,14536.28,38.95,1.0,1.0,0.0,0,0,False,True
iid_noise,high,triton-proxy,8873.94,19821.66,55.23,1.0,1.0,0.0,0,0,False,True
iid_noise,low,SIT-no-IRBS,3002.37,4054.44,25.95,1.0,1.0,0.0,0,0,False,True
iid_noise,low,SIT-no-safety,3002.37,4638.22,35.27,1.0,1.0,0.0,0,0,False,True
iid_noise,low,SIT-no-admission,3002.37,3788.41,20.75,1.0,1.0,0.0,0,0,False,True
iid_noise,low,partition,3002.37,1149.75,-161.13,1.0,1.0,0.0,0,0,False,False
iid_noise,low,spread,3002.37,2407.22,-24.72,1.0,1.0,0.0,0,0,False,False
iid_noise,low,random,3002.37,4930.82,39.11,1.0,1.0,0.0,0,0,False,True
iid_noise,low,round-robin,3002.37,4907.63,38.82,1.0,1.0,0.0,0,0,False,True
iid_noise,low,binpack-greedy,3002.37,6292.01,52.28,1.0,1.0,0.0,0,0,False,True
iid_noise,low,tail-greedy,3002.37,3002.15,-0.01,1.0,1.0,0.0,0,0,False,False
iid_noise,low,similarity-avoidance,3002.37,3649.16,17.72,1.0,1.0,0.0,0,0,False,True
iid_noise,low,admission-only,3002.37,4933.23,39.14,1.0,1.0,0.0,0,0,False,True
iid_noise,low,oracle,3002.37,3004.09,0.06,1.0,1.0,0.0,0,0,False,True
iid_noise,low,static-low,3002.37,1839.27,-63.24,1.0,1.0,0.0,0,0,False,False
iid_noise,low,static-high,3002.37,7788.21,61.45,1.0,1.0,0.0,0,0,False,True
iid_noise,low,k8s-hpa,3002.37,3753.76,20.02,1.0,1.0,0.0,0,0,False,True
iid_noise,low,k8s-default,3002.37,3293.58,8.84,1.0,1.0,0.0,0,0,False,True
iid_noise,low,slurm-fcfs,3002.37,4891.25,38.62,1.0,1.0,0.0,0,0,False,True
iid_noise,low,triton-proxy,3002.37,6659.31,54.91,1.0,1.0,0.0,0,0,False,True
iid_noise,medium,SIT-no-IRBS,5964.11,8130.24,26.64,1.0,1.0,0.0,0,0,False,True
iid_noise,medium,SIT-no-safety,5964.11,9230.25,35.39,1.0,1.0,0.0,0,0,False,True
iid_noise,medium,SIT-no-admission,5964.11,7534.2,20.84,1.0,1.0,0.0,0,0,False,True
iid_noise,medium,partition,5964.11,2261.78,-163.69,1.0,1.0,0.0,0,0,False,False
iid_noise,medium,spread,5964.11,4673.76,-27.61,1.0,1.0,0.0,0,0,False,False
iid_noise,medium,random,5964.11,9809.73,39.2,1.0,1.0,0.0,0,0,False,True
iid_noise,medium,round-robin,5964.11,9764.62,38.92,1.0,1.0,0.0,0,0,False,True
iid_noise,medium,binpack-greedy,5964.11,12541.01,52.44,1.0,1.0,0.0,0,0,False,True
iid_noise,medium,tail-greedy,5964.11,5971.09,0.12,1.0,1.0,0.0,0,0,False,True
iid_noise,medium,similarity-avoidance,5964.11,7258.75,17.84,1.0,1.0,0.0,0,0,False,True
iid_noise,medium,admission-only,5964.11,9801.55,39.15,1.0,1.0,0.0,0,0,False,True
iid_noise,medium,oracle,5964.11,5970.38,0.11,1.0,1.0,0.0,0,0,False,True
iid_noise,medium,static-low,5964.11,3648.46,-63.47,1.0,1.0,0.0,0,0,False,False
iid_noise,medium,static-high,5964.11,15526.4,61.59,1.0,1.0,0.0,0,0,False,True
iid_noise,medium,k8s-hpa,5964.11,7475.37,20.22,1.0,1.0,0.0,0,0,False,True
iid_noise,medium,k8s-default,5964.11,6545.46,8.88,1.0,1.0,0.0,0,0,False,True
iid_noise,medium,slurm-fcfs,5964.11,9748.02,38.82,1.0,1.0,0.0,0,0,False,True
iid_noise,medium,triton-proxy,5964.11,13270.85,55.06,1.0,1.0,0.0,0,0,False,True
iid_noise,saturation,SIT-no-IRBS,11775.31,16054.65,26.65,1.0,1.0,0.0,0,0,False,True
iid_noise,saturation,SIT-no-safety,11775.31,18274.53,35.56,1.0,1.0,0.0,0,0,False,True
iid_noise,saturation,SIT-no-admission,11775.31,14891.59,20.93,1.0,1.0,0.0,0,0,False,True
iid_noise,saturation,partition,11775.31,4342.04,-171.19,1.0,1.0,0.0,0,0,False,False
iid_noise,saturation,spread,11775.31,9339.24,-26.08,1.0,1.0,0.0,0,0,False,False
iid_noise,saturation,random,11775.31,19424.96,39.38,1.0,1.0,0.0,0,0,False,True
iid_noise,saturation,round-robin,11775.31,19344.44,39.13,1.0,1.0,0.0,0,0,False,True
iid_noise,saturation,binpack-greedy,11775.31,24901.79,52.71,1.0,1.0,0.0,0,0,False,True
iid_noise,saturation,tail-greedy,11775.31,11777.3,0.02,1.0,1.0,0.0,0,0,False,True
iid_noise,saturation,similarity-avoidance,11775.31,14346.93,17.92,1.0,1.0,0.0,0,0,False,True
iid_noise,saturation,admission-only,11775.31,19535.52,39.72,1.0,1.0,0.0,0,0,False,True
iid_noise,saturation,oracle,11775.31,11769.2,-0.05,1.0,1.0,0.0,0,0,False,False
iid_noise,saturation,static-low,11775.31,7117.91,-65.43,1.0,1.0,0.0,0,0,False,False
iid_noise,saturation,static-high,11775.31,30873.94,61.86,1.0,1.0,0.0,0,0,False,True
iid_noise,saturation,k8s-hpa,11775.31,14768.88,20.27,1.0,1.0,0.0,0,0,False,True
iid_noise,saturation,k8s-default,11775.31,12905.37,8.76,1.0,1.0,0.0,0,0,False,True
iid_noise,saturation,slurm-fcfs,11775.31,19313.11,39.03,1.0,1.0,0.0,0,0,False,True
iid_noise,saturation,triton-proxy,11775.31,26350.82,55.31,1.0,1.0,0.0,0,0,False,True
partial_obs,high,SIT-no-IRBS,28081.5,31382.08,10.52,1.0,1.0,0.0,0,0,False,True
partial_obs,high,SIT-no-safety,28081.5,32127.34,12.59,1.0,1.0,0.0,0,0,False,True
partial_obs,high,SIT-no-admission,28081.5,29509.48,4.84,1.0,1.0,0.0,0,0,False,True
partial_obs,high,partition,28081.5,22211.77,-26.43,1.0,1.0,0.0,0,0,False,False
partial_obs,high,spread,28081.5,26544.77,-5.79,1.0,1.0,0.0,0,0,False,False
partial_obs,high,random,28081.5,32914.2,14.68,1.0,1.0,0.0,0,0,False,True
partial_obs,high,round-robin,28081.5,32333.29,13.15,1.0,1.0,0.0,0,0,False,True
partial_obs,high,binpack-greedy,28081.5,36849.69,23.79,1.0,1.0,0.0,0,0,False,True
partial_obs,high,tail-greedy,28081.5,28151.44,0.25,1.0,1.0,0.0,0,0,False,True
partial_obs,high,similarity-avoidance,28081.5,28372.99,1.03,1.0,1.0,0.0,0,0,False,True
partial_obs,high,admission-only,28081.5,32288.12,13.03,1.0,1.0,0.0,0,0,False,True
partial_obs,high,oracle,28081.5,28029.14,-0.19,1.0,1.0,0.0,0,0,False,False
partial_obs,high,static-low,28081.5,24830.12,-13.09,1.0,1.0,0.0,0,0,False,False
partial_obs,high,static-high,28081.5,41842.73,32.89,1.0,1.0,0.0,0,0,False,True
partial_obs,high,k8s-hpa,28081.5,30847.08,8.97,1.0,1.0,0.0,0,0,False,True
partial_obs,high,k8s-default,28081.5,27823.68,-0.93,1.0,1.0,0.0,0,0,False,False
partial_obs,high,slurm-fcfs,28081.5,33213.09,15.45,1.0,1.0,0.0,0,0,False,True
partial_obs,high,triton-proxy,28081.5,36169.36,22.36,1.0,1.0,0.0,0,0,False,True
partial_obs,low,SIT-no-IRBS,7908.53,9000.4,12.13,1.0,1.0,0.0,0,0,False,True
partial_obs,low,SIT-no-safety,7908.53,9413.68,15.99,1.0,1.0,0.0,0,0,False,True
partial_obs,low,SIT-no-admission,7908.53,8605.95,8.1,1.0,1.0,0.0,0,0,False,True
partial_obs,low,partition,7908.53,6173.94,-28.1,1.0,1.0,0.0,0,0,False,False
partial_obs,low,spread,7908.53,7381.24,-7.14,1.0,1.0,0.0,0,0,False,False
partial_obs,low,random,7908.53,9731.66,18.73,1.0,1.0,0.0,0,0,False,True
partial_obs,low,round-robin,7908.53,9660.95,18.14,1.0,1.0,0.0,0,0,False,True
partial_obs,low,binpack-greedy,7908.53,11355.23,30.35,1.0,1.0,0.0,0,0,False,True
partial_obs,low,tail-greedy,7908.53,8075.68,2.07,1.0,1.0,0.0,0,0,False,True
partial_obs,low,similarity-avoidance,7908.53,8221.89,3.81,1.0,1.0,0.0,0,0,False,True
partial_obs,low,admission-only,7908.53,9803.9,19.33,1.0,1.0,0.0,0,0,False,True
partial_obs,low,oracle,7908.53,7998.84,1.13,1.0,1.0,0.0,0,0,False,True
partial_obs,low,static-low,7908.53,6820.53,-15.95,1.0,1.0,0.0,0,0,False,False
partial_obs,low,static-high,7908.53,12734.78,37.9,1.0,1.0,0.0,0,0,False,True
partial_obs,low,k8s-hpa,7908.53,8535.78,7.35,1.0,1.0,0.0,0,0,False,True
partial_obs,low,k8s-default,7908.53,8013.19,1.31,1.0,1.0,0.0,0,0,False,True
partial_obs,low,slurm-fcfs,7908.53,9776.64,19.11,1.0,1.0,0.0,0,0,False,True
partial_obs,low,triton-proxy,7908.53,10993.65,28.06,1.0,1.0,0.0,0,0,False,True
partial_obs,medium,SIT-no-IRBS,16181.69,18076.93,10.48,1.0,1.0,0.0,0,0,False,True
partial_obs,medium,SIT-no-safety,16181.69,19185.4,15.66,1.0,1.0,0.0,0,0,False,True
partial_obs,medium,SIT-no-admission,16181.69,17911.28,9.66,1.0,1.0,0.0,0,0,False,True
partial_obs,medium,partition,16181.69,12447.37,-30.0,1.0,1.0,0.0,0,0,False,False
partial_obs,medium,spread,16181.69,14904.32,-8.57,1.0,1.0,0.0,0,0,False,False
partial_obs,medium,random,16181.69,20205.29,19.91,1.0,1.0,0.0,0,0,False,True
partial_obs,medium,round-robin,16181.69,19970.14,18.97,1.0,1.0,0.0,0,0,False,True
partial_obs,medium,binpack-greedy,16181.69,22619.52,28.46,1.0,1.0,0.0,0,0,False,True
partial_obs,medium,tail-greedy,16181.69,16434.41,1.54,1.0,1.0,0.0,0,0,False,True
partial_obs,medium,similarity-avoidance,16181.69,16695.91,3.08,1.0,1.0,0.0,0,0,False,True
partial_obs,medium,admission-only,16181.69,19387.57,16.54,1.0,1.0,0.0,0,0,False,True
partial_obs,medium,oracle,16181.69,15932.27,-1.57,1.0,1.0,0.0,0,0,False,False
partial_obs,medium,static-low,16181.69,14105.16,-14.72,1.0,1.0,0.0,0,0,False,False
partial_obs,medium,static-high,16181.69,25027.37,35.34,1.0,1.0,0.0,0,0,False,True
partial_obs,medium,k8s-hpa,16181.69,17325.81,6.6,1.0,1.0,0.0,0,0,False,True
partial_obs,medium,k8s-default,16181.69,16089.84,-0.57,1.0,1.0,0.0,0,0,False,False
partial_obs,medium,slurm-fcfs,16181.69,20080.72,19.42,1.0,1.0,0.0,0,0,False,True
partial_obs,medium,triton-proxy,16181.69,22363.69,27.64,1.0,1.0,0.0,0,0,False,True
partial_obs,saturation,SIT-no-IRBS,34457.24,39094.84,11.86,1.0,1.0,0.0,0,0,False,True
partial_obs,saturation,SIT-no-safety,34457.24,39988.17,13.83,1.0,1.0,0.0,0,0,False,True
partial_obs,saturation,SIT-no-admission,34457.24,35944.08,4.14,1.0,1.0,0.0,0,0,False,True
partial_obs,saturation,partition,34457.24,25919.14,-32.94,1.0,1.0,0.0,0,0,False,False
partial_obs,saturation,spread,34457.24,31302.58,-10.08,1.0,1.0,0.0,0,0,False,False
partial_obs,saturation,random,34457.24,41580.2,17.13,1.0,1.0,0.0,0,0,False,True
partial_obs,saturation,round-robin,34457.24,42337.88,18.61,1.0,1.0,0.0,0,0,False,True
partial_obs,saturation,binpack-greedy,34457.24,47481.54,27.43,1.0,1.0,0.0,0,0,False,True
partial_obs,saturation,tail-greedy,34457.24,33430.23,-3.07,1.0,1.0,0.0,0,0,False,False
partial_obs,saturation,similarity-avoidance,34457.24,36013.09,4.32,1.0,1.0,0.0,0,0,False,True
partial_obs,saturation,admission-only,34457.24,41128.36,16.22,1.0,1.0,0.0,0,0,False,True
partial_obs,saturation,oracle,34457.24,35233.37,2.2,1.0,1.0,0.0,0,0,False,True
partial_obs,saturation,static-low,34457.24,28650.36,-20.27,1.0,1.0,0.0,0,0,False,False
partial_obs,saturation,static-high,34457.24,52798.52,34.74,1.0,1.0,0.0,0,0,False,True
partial_obs,saturation,k8s-hpa,34457.24,36787.76,6.34,1.0,1.0,0.0,0,0,False,True
partial_obs,saturation,k8s-default,34457.24,34041.86,-1.22,1.0,1.0,0.0,0,0,False,False
partial_obs,saturation,slurm-fcfs,34457.24,40346.16,14.6,1.0,1.0,0.0,0,0,False,True
partial_obs,saturation,triton-proxy,34457.24,45903.46,24.94,1.0,1.0,0.0,0,0,False,True
structured,high,SIT-no-IRBS,8697.8,12771.81,31.9,1.0,1.0,0.0,0,0,False,True
structured,high,SIT-no-safety,8697.8,14495.2,40.0,1.0,1.0,0.0,0,0,False,True
structured,high,SIT-no-admission,8697.8,11744.06,25.94,1.0,1.0,0.0,0,0,False,True
structured,high,partition,8697.8,3326.09,-161.5,1.0,1.0,0.0,0,0,False,False
structured,high,spread,8697.8,7471.23,-16.42,1.0,1.0,0.0,0,0,False,False
structured,high,random,8697.8,15518.25,43.95,1.0,1.0,0.0,0,0,False,True
structured,high,round-robin,8697.8,15779.51,44.88,1.0,1.0,0.0,0,0,False,True
structured,high,binpack-greedy,8697.8,21408.82,59.37,1.0,1.0,0.0,0,0,False,True
structured,high,tail-greedy,8697.8,9250.5,5.97,1.0,1.0,0.0,0,0,False,True
structured,high,similarity-avoidance,8697.8,10967.69,20.7,1.0,1.0,0.0,0,0,False,True
structured,high,admission-only,8697.8,15983.8,45.58,1.0,1.0,0.0,0,0,False,True
structured,high,oracle,8697.8,9250.77,5.98,1.0,1.0,0.0,0,0,False,True
structured,high,static-low,8697.8,6242.59,-39.33,1.0,1.0,0.0,0,0,False,False
structured,high,static-high,8697.8,25459.88,65.84,1.0,1.0,0.0,0,0,False,True
structured,high,k8s-hpa,8697.8,13701.04,36.52,1.0,1.0,0.0,0,0,False,True
structured,high,k8s-default,8697.8,11550.88,24.7,1.0,1.0,0.0,0,0,False,True
structured,high,slurm-fcfs,8697.8,16088.1,45.94,1.0,1.0,0.0,0,0,False,True
structured,high,triton-proxy,8697.8,19615.5,55.66,1.0,1.0,0.0,0,0,False,True
structured,low,SIT-no-IRBS,2947.52,4195.23,29.74,1.0,1.0,0.0,0,0,False,True
structured,low,SIT-no-safety,2947.52,4877.26,39.57,1.0,1.0,0.0,0,0,False,True
structured,low,SIT-no-admission,2947.52,3962.23,25.61,1.0,1.0,0.0,0,0,False,True
structured,low,partition,2947.52,1147.57,-156.85,1.0,1.0,0.0,0,0,False,False
structured,low,spread,2947.52,2599.84,-13.37,1.0,1.0,0.0,0,0,False,False
structured,low,random,2947.52,5325.62,44.65,1.0,1.0,0.0,0,0,False,True
structured,low,round-robin,2947.52,5308.69,44.48,1.0,1.0,0.0,0,0,False,True
structured,low,binpack-greedy,2947.52,7194.25,59.03,1.0,1.0,0.0,0,0,False,True
structured,low,tail-greedy,2947.52,3128.94,5.8,1.0,1.0,0.0,0,0,False,True
structured,low,similarity-avoidance,2947.52,3704.65,20.44,1.0,1.0,0.0,0,0,False,True
structured,low,admission-only,2947.52,5242.83,43.78,1.0,1.0,0.0,0,0,False,True
structured,low,oracle,2947.52,3127.44,5.75,1.0,1.0,0.0,0,0,False,True
structured,low,static-low,2947.52,2125.73,-38.66,1.0,1.0,0.0,0,0,False,False
structured,low,static-high,2947.52,8542.73,65.5,1.0,1.0,0.0,0,0,False,True
structured,low,k8s-hpa,2947.52,4609.31,36.05,1.0,1.0,0.0,0,0,False,True
structured,low,k8s-default,2947.52,3899.7,24.42,1.0,1.0,0.0,0,0,False,True
structured,low,slurm-fcfs,2947.52,5409.39,45.51,1.0,1.0,0.0,0,0,False,True
structured,low,triton-proxy,2947.52,6592.02,55.29,1.0,1.0,0.0,0,0,False,True
structured,medium,SIT-no-IRBS,5847.58,8393.93,30.34,1.0,1.0,0.0,0,0,False,True
structured,medium,SIT-no-safety,5847.58,9718.7,39.83,1.0,1.0,0.0,0,0,False,True
structured,medium,SIT-no-admission,5847.58,7892.63,25.91,1.0,1.0,0.0,0,0,False,True
structured,medium,partition,5847.58,2261.39,-158.58,1.0,1.0,0.0,0,0,False,False
structured,medium,spread,5847.58,4971.19,-17.63,1.0,1.0,0.0,0,0,False,False
structured,medium,random,5847.58,10669.5,45.19,1.0,1.0,0.0,0,0,False,True
structured,medium,round-robin,5847.58,10570.67,44.68,1.0,1.0,0.0,0,0,False,True
structured,medium,binpack-greedy,5847.58,14330.88,59.2,1.0,1.0,0.0,0,0,False,True
structured,medium,tail-greedy,5847.58,6225.34,6.07,1.0,1.0,0.0,0,0,False,True
structured,medium,similarity-avoidance,5847.58,7360.18,20.55,1.0,1.0,0.0,0,0,False,True
structured,medium,admission-only,5847.58,10630.66,44.99,1.0,1.0,0.0,0,0,False,True
structured,medium,oracle,5847.58,6215.09,5.91,1.0,1.0,0.0,0,0,False,True
structured,medium,static-low,5847.58,4203.42,-39.11,1.0,1.0,0.0,0,0,False,False
structured,medium,static-high,5847.58,17034.46,65.67,1.0,1.0,0.0,0,0,False,True
structured,medium,k8s-hpa,5847.58,9182.32,36.32,1.0,1.0,0.0,0,0,False,True
structured,medium,k8s-default,5847.58,7754.2,24.59,1.0,1.0,0.0,0,0,False,True
structured,medium,slurm-fcfs,5847.58,10772.95,45.72,1.0,1.0,0.0,0,0,False,True
structured,medium,triton-proxy,5847.58,13135.99,55.48,1.0,1.0,0.0,0,0,False,True
structured,saturation,SIT-no-IRBS,11538.7,16775.21,31.22,1.0,1.0,0.0,0,0,False,True
structured,saturation,SIT-no-safety,11538.7,19240.56,40.03,1.0,1.0,0.0,0,0,False,True
structured,saturation,SIT-no-admission,11538.7,15598.85,26.03,1.0,1.0,0.0,0,0,False,True
structured,saturation,partition,11538.7,4344.95,-165.57,1.0,1.0,0.0,0,0,False,False
structured,saturation,spread,11538.7,10276.98,-12.28,1.0,1.0,0.0,0,0,False,False
structured,saturation,random,11538.7,20675.12,44.19,1.0,1.0,0.0,0,0,False,True
structured,saturation,round-robin,11538.7,20976.84,44.99,1.0,1.0,0.0,0,0,False,True
structured,saturation,binpack-greedy,11538.7,28465.31,59.46,1.0,1.0,0.0,0,0,False,True
structured,saturation,tail-greedy,11538.7,12260.81,5.89,1.0,1.0,0.0,0,0,False,True
structured,saturation,similarity-avoidance,11538.7,14564.78,20.78,1.0,1.0,0.0,0,0,False,True
structured,saturation,admission-only,11538.7,20877.78,44.73,1.0,1.0,0.0,0,0,False,True
structured,saturation,oracle,11538.7,12267.28,5.94,1.0,1.0,0.0,0,0,False,True
structured,saturation,static-low,11538.7,8239.17,-40.05,1.0,1.0,0.0,0,0,False,False
structured,saturation,static-high,11538.7,33854.28,65.92,1.0,1.0,0.0,0,0,False,True
structured,saturation,k8s-hpa,11538.7,18171.76,36.5,1.0,1.0,0.0,0,0,False,True
structured,saturation,k8s-default,11538.7,15331.68,24.74,1.0,1.0,0.0,0,0,False,True
structured,saturation,slurm-fcfs,11538.7,21384.58,46.04,1.0,1.0,0.0,0,0,False,True
structured,saturation,triton-proxy,11538.7,26094.29,55.78,1.0,1.0,0.0,0,0,False,True
